"ticket_id","customer_name","email","query_type","issue_summary","product","priority","status","assigned_department","response_time_hours","satisfaction_score","created_at"
"1","John Salinas","huynhtroy@example.org","Feature Request","Customer requested advanced analytics dashboard.","AI Assistant","Critical","Open","Technical","39","1","2026-05-15"
"2","Amy Diaz","hhickman@example.com","Billing Inquiry","Refund not received after cancellation.","CRM Suite","Medium","Resolved","Technical","64","3","2026-04-30"
"3","Kristin Beck","deanflores@example.com","Billing Inquiry","Customer requested payment receipt.","Automation Platform","Critical","Closed","Technical","10","5","2026-01-03"
"4","Richard Ortiz","laura48@example.org","Billing Inquiry","Refund not received after cancellation.","AI Assistant","High","Open","Technical","14","2","2026-03-12"
"5","Katelyn Bryan","bennettstacey@example.org","Feature Request","User wants WhatsApp integration.","Marketing Tool","High","Open","Billing","18","3","2026-01-20"
"6","Kim Rodriguez","hmurphy@example.org","Technical Support","Unable to login to the dashboard.","Analytics Dashboard","Critical","Open","Support","44","2","2026-04-05"
"7","Lisa Mason","daltondavid@example.com","Billing Inquiry","Customer was charged twice for the subscription.","Automation Platform","High","Pending","Support","26","2","2026-03-13"
"8","Richard Edwards","theresa29@example.com","Account Access","Two-factor authentication not working.","Automation Platform","Critical","Pending","Billing","33","5","2026-02-04"
"9","Dr. Stephen Ortega DDS","yzamora@example.com","Feature Request","Customer requested advanced analytics dashboard.","CRM Suite","Medium","Resolved","Technical","1","4","2026-03-09"
"10","Stephen Sutton MD","wburns@example.org","Feature Request","Customer requested dark mode feature.","CRM Suite","Medium","Closed","Billing","21","1","2026-04-27"
"11","Garrett Moody","grosskristen@example.org","Refund Request","Refund requested for defective product.","CRM Suite","Medium","Resolved","Technical","28","2","2026-02-05"
"12","Julie Bradley","marcusmorris@example.net","Order Delay","Customer reported delayed shipment.","CRM Suite","High","Open","Support","27","2","2026-01-08"
"13","Christina Williamson","joseph82@example.net","Product Inquiry","Customer wants pricing details.","CRM Suite","Critical","Open","Support","49","1","2026-02-05"
"14","Alyssa Gutierrez","debbie65@example.net","Account Access","Password reset email not received.","AI Assistant","Critical","Open","Sales","59","3","2026-01-09"
"15","Keith Freeman","rcrane@example.net","Refund Request","Customer cancelled order and requested refund.","CRM Suite","Low","Resolved","Support","27","1","2026-03-02"
"16","Anna Wright","xjones@example.com","Product Inquiry","Client requested product demo.","CRM Suite","Critical","Pending","Billing","34","5","2026-01-04"
"17","Justin Henderson","vpena@example.com","Feature Request","User wants WhatsApp integration.","Automation Platform","High","Closed","Support","24","2","2026-05-15"
"18","Joshua Davis","anthony10@example.com","Product Inquiry","Customer asked about premium plan features.","Marketing Tool","Medium","Pending","Technical","59","5","2026-05-01"
"19","James Hall","parrishjennifer@example.com","Refund Request","Refund delayed beyond expected timeline.","Automation Platform","High","Pending","Sales","11","1","2026-03-14"
"20","Matthew Williams","xclarke@example.org","Order Delay","Order tracking information not updating.","Marketing Tool","Medium","Pending","Technical","49","1","2026-01-19"
"21","Ronald Roberts","erin37@example.com","Order Delay","Customer has not received order confirmation.","Automation Platform","Low","Closed","Sales","58","1","2026-04-01"
"22","Sandra Mcintyre","qryan@example.net","Feature Request","Customer requested advanced analytics dashboard.","Analytics Dashboard","Medium","Pending","Sales","5","2","2026-05-07"
"23","Randy West","carolmorales@example.com","Order Delay","Package delivery delayed due to logistics issue.","CRM Suite","Critical","Open","Sales","18","3","2026-02-05"
"24","Jon Kelley","jonathangray@example.net","Refund Request","Customer cancelled order and requested refund.","Marketing Tool","Medium","Closed","Sales","35","1","2026-04-28"
"25","Jake Moore","mgutierrez@example.net","Feature Request","Customer requested advanced analytics dashboard.","CRM Suite","High","Open","Billing","10","3","2026-01-27"
"26","Steven Mckenzie","kaufmanscott@example.org","Account Access","Two-factor authentication not working.","Automation Platform","Low","Open","Support","10","1","2026-01-01"
"27","Gary Morris","smithemily@example.org","Feature Request","User wants WhatsApp integration.","Marketing Tool","Medium","Pending","Sales","9","3","2026-04-22"
"28","William King","randyconrad@example.org","Technical Support","Customer cannot reset password.","Marketing Tool","Critical","Closed","Support","2","4","2026-02-21"
"29","Ronnie Clements","wnewman@example.net","Refund Request","Customer wants refund for accidental purchase.","Marketing Tool","Medium","Open","Support","36","4","2026-04-25"
"30","James Lang","huberhannah@example.net","Product Inquiry","Customer asked about premium plan features.","Analytics Dashboard","Low","Closed","Technical","46","1","2026-04-19"
"31","Terri Byrd","sharon11@example.net","Order Delay","Order tracking information not updating.","CRM Suite","Medium","Open","Billing","15","2","2026-02-11"
"32","Michael Taylor","lisaking@example.net","Account Access","User unable to access admin panel.","AI Assistant","Low","Closed","Sales","43","1","2026-01-13"
"33","William York","mcooper@example.net","Technical Support","Application crashes during checkout.","AI Assistant","Critical","Closed","Billing","35","4","2026-04-23"
"34","Aaron Archer","jeffreybooth@example.net","Billing Inquiry","Customer was charged twice for the subscription.","Analytics Dashboard","Medium","Closed","Technical","13","5","2026-03-29"
"35","Cheryl Gutierrez","brendaserrano@example.com","Order Delay","Order tracking information not updating.","Marketing Tool","Critical","Resolved","Support","3","5","2026-04-08"
"36","Lance Ortiz","smithchelsea@example.net","Feature Request","Customer requested advanced analytics dashboard.","Marketing Tool","Critical","Pending","Sales","31","1","2026-02-16"
"37","John Gillespie","thomas91@example.com","Feature Request","Client suggested multi-language support.","Automation Platform","Low","Pending","Technical","66","3","2026-02-04"
"38","Micheal Bradley","kiaraellis@example.org","Feature Request","Customer requested advanced analytics dashboard.","Analytics Dashboard","Low","Closed","Technical","2","1","2026-02-18"
"39","Jose Griffin","mirandajustin@example.org","Product Inquiry","Inquiry about AI automation capabilities.","Analytics Dashboard","Critical","Closed","Support","72","4","2026-01-22"
"40","Mrs. Kimberly Friedman MD","kevinhawkins@example.com","Feature Request","User wants WhatsApp integration.","Marketing Tool","Critical","Resolved","Support","18","5","2026-02-21"
"41","Roger Banks","melissawilliams@example.org","Refund Request","Refund requested for defective product.","CRM Suite","High","Pending","Billing","18","4","2026-02-17"
"42","Steven Roberts","jamesdalton@example.net","Feature Request","Customer requested dark mode feature.","CRM Suite","Low","Closed","Billing","49","1","2026-03-19"
"43","Mitchell Thomas","williammiller@example.com","Feature Request","Customer requested dark mode feature.","CRM Suite","Low","Pending","Billing","22","4","2026-05-04"
"44","Isaiah Goodman","danielhart@example.net","Refund Request","Customer cancelled order and requested refund.","AI Assistant","High","Closed","Technical","51","2","2026-04-23"
"45","Jerome Robinson","penningtonlisa@example.net","Feature Request","Client suggested multi-language support.","Automation Platform","Medium","Open","Support","45","5","2026-04-18"
"46","Jon Aguilar","jenniferbrady@example.net","Product Inquiry","Customer asked about premium plan features.","CRM Suite","High","Closed","Support","37","5","2026-04-20"
"47","Daniel Baird","stephanie43@example.com","Order Delay","Customer reported delayed shipment.","Analytics Dashboard","Medium","Resolved","Technical","31","1","2026-04-30"
"48","Christian Hughes","mbarker@example.net","Product Inquiry","Customer wants pricing details.","CRM Suite","Low","Pending","Sales","71","1","2026-04-06"
"49","Denise Lang","anthony72@example.net","Feature Request","Customer requested dark mode feature.","Analytics Dashboard","Medium","Open","Support","64","5","2026-01-16"
"50","Gary Lowe","rodgersjeffrey@example.net","Order Delay","Package delivery delayed due to logistics issue.","CRM Suite","Critical","Pending","Sales","2","5","2026-04-29"
"51","Keith Fritz","cortezjustin@example.com","Order Delay","Customer has not received order confirmation.","Automation Platform","Critical","Pending","Sales","56","3","2026-01-30"
"52","Russell Tucker","briansnyder@example.org","Order Delay","Order tracking information not updating.","Automation Platform","Critical","Pending","Sales","12","2","2026-05-09"
"53","Derrick Hernandez","schneidersara@example.net","Product Inquiry","Customer wants pricing details.","AI Assistant","Medium","Open","Sales","13","1","2026-02-09"
"54","Amanda Mercer","lhays@example.com","Technical Support","Application crashes during checkout.","Automation Platform","Medium","Pending","Billing","58","1","2026-02-16"
"55","Jason Allen","joannalopez@example.net","Billing Inquiry","Customer was charged twice for the subscription.","AI Assistant","High","Closed","Billing","36","2","2026-01-26"
"56","Anthony Thompson","melissa97@example.com","Order Delay","Order tracking information not updating.","Analytics Dashboard","Medium","Closed","Sales","19","2","2026-01-06"
"57","Dr. Cameron Hernandez","brendaduran@example.net","Billing Inquiry","Invoice amount does not match the selected plan.","Analytics Dashboard","High","Pending","Sales","55","4","2026-04-29"
"58","Jennifer Taylor","leahedwards@example.com","Billing Inquiry","Refund not received after cancellation.","CRM Suite","Low","Closed","Billing","54","2","2026-04-26"
"59","Alexis Smith","hallthomas@example.com","Account Access","Customer account locked after failed login attempts.","Marketing Tool","High","Pending","Sales","32","5","2026-04-24"
"60","Michelle Rangel","kathryndudley@example.org","Feature Request","Customer requested dark mode feature.","Marketing Tool","Medium","Pending","Sales","41","1","2026-03-08"
"61","Philip Humphrey","foxsara@example.org","Technical Support","Unable to login to the dashboard.","CRM Suite","High","Pending","Support","7","1","2026-04-28"
"62","Sabrina Miles","escott@example.org","Account Access","Two-factor authentication not working.","CRM Suite","Critical","Open","Technical","25","1","2026-03-01"
"63","Deanna Adams","stanleyrichard@example.com","Feature Request","Customer requested advanced analytics dashboard.","Marketing Tool","Medium","Open","Technical","19","5","2026-04-06"
"64","Phillip Chaney","laura82@example.net","Technical Support","Customer cannot reset password.","CRM Suite","High","Resolved","Technical","16","5","2026-03-17"
"65","Mr. Billy Kennedy","valeriehoffman@example.com","Product Inquiry","Customer asked about premium plan features.","Analytics Dashboard","Medium","Resolved","Support","4","1","2026-03-06"
"66","Mary Hall","zwhite@example.com","Product Inquiry","Customer asked about premium plan features.","Marketing Tool","Low","Resolved","Support","56","4","2026-01-30"
"67","Michelle Brooks","watsoncameron@example.com","Technical Support","Application crashes during checkout.","Automation Platform","Critical","Pending","Technical","64","2","2026-02-01"
"68","Joseph White","anitagarcia@example.org","Product Inquiry","Inquiry about AI automation capabilities.","Marketing Tool","Low","Open","Technical","40","3","2026-03-19"
"69","Kayla Griffin","rodriguezcarolyn@example.com","Order Delay","Customer has not received order confirmation.","Marketing Tool","Critical","Open","Support","65","1","2026-04-11"
"70","Lisa Rodgers","ccarpenter@example.net","Account Access","Customer account locked after failed login attempts.","Analytics Dashboard","High","Closed","Billing","8","2","2026-03-22"
"71","Ashley Wood","levi22@example.com","Feature Request","Customer requested dark mode feature.","CRM Suite","Critical","Open","Sales","49","3","2026-02-22"
"72","Kathryn Newton","iwoodard@example.com","Refund Request","Customer wants refund for accidental purchase.","Analytics Dashboard","Low","Open","Sales","37","2","2026-05-17"
"73","Jeffrey Watson","joshua46@example.net","Feature Request","Customer requested dark mode feature.","AI Assistant","Medium","Open","Support","4","2","2026-02-13"
"74","Amy Whitaker","vgarcia@example.net","Account Access","Two-factor authentication not working.","Analytics Dashboard","Low","Open","Technical","21","1","2026-01-09"
"75","Jose Payne","paul17@example.com","Billing Inquiry","Customer was charged twice for the subscription.","Analytics Dashboard","Medium","Pending","Sales","60","3","2026-03-10"
"76","Eric Sanchez","josephwalter@example.com","Account Access","Customer account locked after failed login attempts.","Marketing Tool","High","Pending","Technical","17","3","2026-02-05"
"77","Terri Hanson","normansarah@example.net","Product Inquiry","Inquiry about AI automation capabilities.","Marketing Tool","Critical","Pending","Billing","60","3","2026-05-08"
"78","Karen Lee","chenpatricia@example.net","Feature Request","User wants WhatsApp integration.","Analytics Dashboard","Medium","Pending","Billing","66","2","2026-04-08"
"79","Carol Williamson","deborahperez@example.net","Technical Support","Customer cannot reset password.","Marketing Tool","Low","Open","Support","29","4","2026-02-06"
"80","Jacob Roberts","lewisrobert@example.org","Billing Inquiry","Customer requested payment receipt.","Marketing Tool","Low","Closed","Sales","65","2","2026-01-19"
"81","Brandon Allen","maryvillarreal@example.com","Refund Request","Customer cancelled order and requested refund.","AI Assistant","Low","Open","Billing","7","1","2026-04-05"
"82","Jessica Barnes","arnoldvirginia@example.net","Feature Request","Customer requested advanced analytics dashboard.","CRM Suite","Critical","Open","Sales","40","5","2026-05-07"
"83","Patricia Rodriguez","christopher11@example.net","Technical Support","Customer cannot reset password.","AI Assistant","Low","Closed","Billing","33","1","2026-01-21"
"84","Dr. David Davis","jennifer37@example.com","Refund Request","Customer cancelled order and requested refund.","Analytics Dashboard","Low","Pending","Support","70","3","2026-02-13"
"85","Lori Todd","patrick29@example.net","Account Access","Two-factor authentication not working.","Automation Platform","Low","Pending","Billing","14","4","2026-01-16"
"86","Chad Owens","linda10@example.org","Account Access","Two-factor authentication not working.","Automation Platform","High","Resolved","Sales","45","2","2026-03-26"
"87","Robert Vincent","obarnes@example.org","Feature Request","Client suggested multi-language support.","CRM Suite","Critical","Resolved","Support","31","5","2026-05-04"
"88","Jessica Fleming","amandasanders@example.com","Billing Inquiry","Refund not received after cancellation.","AI Assistant","High","Closed","Support","69","5","2026-03-17"
"89","Dawn Klein","deborah05@example.org","Technical Support","Unable to login to the dashboard.","Automation Platform","Low","Open","Technical","19","5","2026-03-21"
"90","Samuel Miller","webbtony@example.com","Order Delay","Package delivery delayed due to logistics issue.","Analytics Dashboard","Critical","Closed","Billing","47","3","2026-03-08"
"91","April Schultz","john35@example.net","Refund Request","Refund requested for defective product.","Analytics Dashboard","Medium","Pending","Technical","51","1","2026-04-15"
"92","Daniel Durham","slopez@example.net","Billing Inquiry","Refund not received after cancellation.","Automation Platform","Medium","Closed","Billing","64","2","2026-02-11"
"93","Carly Powell","chrischase@example.org","Account Access","User unable to access admin panel.","Marketing Tool","Low","Pending","Technical","66","4","2026-02-13"
"94","Jeffery Bradley","moraleskristen@example.org","Product Inquiry","Customer asked about premium plan features.","Analytics Dashboard","High","Open","Sales","9","3","2026-02-11"
"95","Shawn Thompson","slarson@example.org","Account Access","User unable to access admin panel.","CRM Suite","Medium","Pending","Billing","46","3","2026-04-30"
"96","Blake Powell","pricestacey@example.com","Product Inquiry","Customer wants pricing details.","Automation Platform","High","Pending","Support","32","1","2026-02-10"
"97","Randy Ochoa","melissa06@example.net","Product Inquiry","Inquiry about AI automation capabilities.","Analytics Dashboard","Medium","Open","Support","48","1","2026-01-08"
"98","Lori Newton","jaimetorres@example.com","Billing Inquiry","Refund not received after cancellation.","Marketing Tool","Low","Resolved","Sales","33","5","2026-04-25"
"99","Sara Kennedy","dyoung@example.org","Feature Request","User wants WhatsApp integration.","Marketing Tool","Critical","Pending","Technical","40","2","2026-04-08"
"100","Vanessa Hughes","rodney12@example.net","Refund Request","Refund requested for defective product.","Automation Platform","Critical","Pending","Technical","43","2","2026-04-20"
"101","Christine Schaefer","gfarmer@example.com","Order Delay","Customer reported delayed shipment.","Analytics Dashboard","High","Pending","Support","62","3","2026-05-15"
"102","Matthew Salazar MD","mhernandez@example.com","Feature Request","Client suggested multi-language support.","Analytics Dashboard","Critical","Pending","Sales","59","3","2026-02-20"
"103","Marilyn Hughes","campbelleric@example.org","Product Inquiry","Customer asked about premium plan features.","Analytics Dashboard","High","Open","Support","5","5","2026-04-06"
"104","Ann Harvey","gjordan@example.com","Feature Request","Customer requested dark mode feature.","Marketing Tool","Medium","Open","Technical","57","5","2026-01-27"
"105","Melissa Murphy","lynchcory@example.com","Billing Inquiry","Invoice amount does not match the selected plan.","Marketing Tool","Low","Closed","Billing","11","1","2026-04-19"
"106","Aaron Brown","mmayo@example.org","Account Access","Customer account locked after failed login attempts.","Automation Platform","Medium","Resolved","Sales","58","2","2026-02-14"
"107","Brandy Wolfe","anthonyhenry@example.org","Feature Request","Client suggested multi-language support.","CRM Suite","High","Open","Billing","23","1","2026-04-14"
"108","Anthony Miller","barry46@example.net","Account Access","Customer account locked after failed login attempts.","CRM Suite","Critical","Pending","Billing","33","1","2026-02-10"
"109","Madison Lopez","lindahale@example.net","Product Inquiry","Inquiry about AI automation capabilities.","CRM Suite","Medium","Closed","Sales","58","1","2026-01-20"
"110","Danielle Ali","graykyle@example.com","Account Access","Two-factor authentication not working.","Marketing Tool","High","Open","Technical","5","1","2026-03-26"
"111","Ryan Flores","gflores@example.org","Account Access","Password reset email not received.","CRM Suite","Low","Open","Support","9","3","2026-01-10"
"112","Stephen Stevens","ndiaz@example.org","Order Delay","Package delivery delayed due to logistics issue.","CRM Suite","High","Closed","Sales","41","5","2026-04-09"
"113","Mrs. Felicia Harris","pcarter@example.org","Product Inquiry","Inquiry about AI automation capabilities.","CRM Suite","Medium","Closed","Support","69","3","2026-01-20"
"114","Frederick Hendrix","gerald22@example.org","Refund Request","Customer cancelled order and requested refund.","Analytics Dashboard","Low","Pending","Technical","23","2","2026-04-19"
"115","Veronica Pearson","simonkayla@example.org","Account Access","Two-factor authentication not working.","CRM Suite","Critical","Pending","Technical","5","1","2026-01-24"
"116","Ricky Johnson","john70@example.net","Order Delay","Package delivery delayed due to logistics issue.","CRM Suite","High","Pending","Technical","16","4","2026-03-13"
"117","Brandy Farmer","dominiquerogers@example.org","Technical Support","Customer cannot reset password.","Marketing Tool","Critical","Pending","Support","2","2","2026-04-16"
"118","Claudia Harris","fordisabella@example.net","Refund Request","Refund delayed beyond expected timeline.","Automation Platform","Critical","Resolved","Sales","16","2","2026-03-21"
"119","Kelly Smith","rbrown@example.net","Product Inquiry","Customer wants pricing details.","Automation Platform","Low","Closed","Support","57","1","2026-04-17"
"120","Rhonda Jordan","kellysamuel@example.org","Technical Support","Application crashes during checkout.","CRM Suite","High","Resolved","Technical","58","1","2026-02-07"
"121","Ian Mueller","mary14@example.org","Order Delay","Customer has not received order confirmation.","Automation Platform","Medium","Resolved","Sales","55","5","2026-03-21"
"122","Rebecca Miller","kristen75@example.net","Product Inquiry","Customer asked about premium plan features.","CRM Suite","High","Pending","Billing","25","2","2026-03-03"
"123","Tonya Benson","lsalinas@example.com","Billing Inquiry","Customer was charged twice for the subscription.","Automation Platform","Critical","Closed","Technical","23","4","2026-05-05"
"124","Melody Wilson","stevenjenkins@example.com","Order Delay","Customer reported delayed shipment.","Marketing Tool","Critical","Resolved","Billing","36","2","2026-01-21"
"125","John Henry","cynthia93@example.org","Feature Request","Customer requested advanced analytics dashboard.","Analytics Dashboard","Low","Open","Billing","20","4","2026-03-17"
"126","Angela Shaffer","igarcia@example.com","Billing Inquiry","Customer was charged twice for the subscription.","CRM Suite","Critical","Resolved","Technical","50","5","2026-05-04"
"127","Catherine Holder","vbates@example.org","Technical Support","Unable to login to the dashboard.","AI Assistant","Critical","Resolved","Sales","69","4","2026-02-28"
"128","Laura Warner","daniel17@example.net","Order Delay","Customer has not received order confirmation.","CRM Suite","Low","Resolved","Sales","19","2","2026-02-21"
"129","Donna Suarez","ubrady@example.net","Technical Support","Website loads very slowly on mobile devices.","Analytics Dashboard","Medium","Pending","Technical","32","4","2026-01-02"
"130","Heather Vargas","vcervantes@example.net","Product Inquiry","Inquiry about AI automation capabilities.","Marketing Tool","Critical","Pending","Support","63","2","2026-02-17"
"131","Gary Foley","owebster@example.com","Billing Inquiry","Invoice amount does not match the selected plan.","Marketing Tool","Low","Pending","Sales","8","1","2026-01-21"
"132","Michele Young","martinezrenee@example.org","Feature Request","Client suggested multi-language support.","AI Assistant","Low","Pending","Technical","48","4","2026-01-21"
"133","Shawn Faulkner","washingtonkyle@example.org","Feature Request","Client suggested multi-language support.","Automation Platform","Low","Pending","Support","24","1","2026-01-16"
"134","Christie Moore","pattersonrodney@example.com","Refund Request","Refund delayed beyond expected timeline.","Automation Platform","Low","Open","Sales","41","1","2026-04-08"
"135","Jesus Brewer","gabriel20@example.net","Technical Support","Website loads very slowly on mobile devices.","Marketing Tool","High","Open","Billing","63","1","2026-05-11"
"136","Andrea Tyler","lcastillo@example.net","Product Inquiry","Inquiry about AI automation capabilities.","CRM Suite","Low","Open","Sales","27","1","2026-03-30"
"137","Eddie Cohen","hserrano@example.org","Billing Inquiry","Refund not received after cancellation.","Analytics Dashboard","Critical","Resolved","Technical","62","1","2026-03-02"
"138","James Vaughn","dayjennifer@example.org","Billing Inquiry","Invoice amount does not match the selected plan.","Marketing Tool","Low","Resolved","Sales","47","2","2026-01-02"
"139","Kevin Alexander","ryoung@example.com","Account Access","Customer account locked after failed login attempts.","Automation Platform","Low","Open","Billing","40","1","2026-04-29"
"140","Victoria Ramirez","davidhess@example.com","Feature Request","User wants WhatsApp integration.","AI Assistant","High","Pending","Sales","39","3","2026-01-30"
"141","Maurice Hall","brianphillips@example.net","Account Access","Two-factor authentication not working.","Analytics Dashboard","Critical","Closed","Support","7","2","2026-04-30"
"142","Adriana Parsons","sarah58@example.org","Order Delay","Customer reported delayed shipment.","Analytics Dashboard","Low","Closed","Sales","41","4","2026-03-25"
"143","Christina Howell","chad56@example.net","Product Inquiry","Customer asked about premium plan features.","Analytics Dashboard","Low","Pending","Billing","41","3","2026-02-24"
"144","Erin Morris","samanthadavis@example.net","Billing Inquiry","Refund not received after cancellation.","Analytics Dashboard","Critical","Resolved","Sales","66","1","2026-05-10"
"145","Arthur Mitchell","jacob07@example.net","Account Access","Two-factor authentication not working.","Analytics Dashboard","High","Open","Support","6","2","2026-03-16"
"146","Mary Clarke","francisjanet@example.org","Feature Request","Customer requested advanced analytics dashboard.","Marketing Tool","Low","Closed","Sales","27","3","2026-02-10"
"147","Richard Gutierrez","jhowe@example.net","Account Access","Two-factor authentication not working.","CRM Suite","Critical","Open","Billing","46","1","2026-02-11"
"148","Amanda Moss","freemansusan@example.com","Feature Request","Client suggested multi-language support.","Marketing Tool","Low","Closed","Sales","20","2","2026-03-05"
"149","Rachel Black","simmonsmelissa@example.com","Product Inquiry","Client requested product demo.","Marketing Tool","High","Pending","Support","5","3","2026-04-14"
"150","Leslie Leonard","davidsonjennifer@example.org","Order Delay","Order tracking information not updating.","Analytics Dashboard","Low","Open","Technical","49","1","2026-01-25"
"151","Thomas Hamilton","kellyayala@example.com","Refund Request","Refund requested for defective product.","CRM Suite","Low","Resolved","Billing","62","2","2026-01-23"
"152","Jeffrey Weber","davissylvia@example.net","Technical Support","Application crashes during checkout.","Automation Platform","Medium","Closed","Billing","41","1","2026-03-04"
"153","Mrs. Erin Silva DVM","xstark@example.com","Billing Inquiry","Invoice amount does not match the selected plan.","AI Assistant","High","Open","Sales","43","5","2026-03-23"
"154","Bryan Gilbert","shelbyzamora@example.com","Refund Request","Refund delayed beyond expected timeline.","AI Assistant","High","Resolved","Billing","27","1","2026-04-24"
"155","Cody Clements","slong@example.org","Order Delay","Package delivery delayed due to logistics issue.","Analytics Dashboard","Critical","Pending","Support","66","5","2026-04-03"
"156","Thomas Chavez","joshuabates@example.net","Technical Support","Customer cannot reset password.","CRM Suite","High","Pending","Billing","23","2","2026-03-24"
"157","Jordan Thomas","bradshawnorma@example.org","Order Delay","Order tracking information not updating.","CRM Suite","High","Open","Support","30","1","2026-01-17"
"158","Abigail Fitzgerald","delacruzjeffrey@example.com","Account Access","Customer account locked after failed login attempts.","Marketing Tool","Medium","Pending","Technical","55","1","2026-04-11"
"159","Samantha Meyer","tyler46@example.net","Billing Inquiry","Invoice amount does not match the selected plan.","Marketing Tool","High","Open","Billing","2","5","2026-03-03"
"160","Brian Carrillo","jeffreygarrett@example.net","Account Access","Password reset email not received.","Analytics Dashboard","Medium","Closed","Sales","62","5","2026-04-02"
"161","Alexander Cole","jeremy65@example.org","Order Delay","Order tracking information not updating.","CRM Suite","High","Pending","Sales","63","3","2026-02-06"
"162","Brandy Hall DVM","rogersroger@example.net","Order Delay","Package delivery delayed due to logistics issue.","CRM Suite","High","Resolved","Billing","59","1","2026-04-21"
"163","Carrie Boyd","hughesanna@example.net","Product Inquiry","Customer wants pricing details.","Analytics Dashboard","Critical","Pending","Technical","42","3","2026-03-26"
"164","Donald Garcia","carterbrandy@example.org","Order Delay","Order tracking information not updating.","Marketing Tool","Critical","Resolved","Billing","22","2","2026-04-10"
"165","Amy Yang","traceysanders@example.net","Refund Request","Refund delayed beyond expected timeline.","CRM Suite","High","Open","Billing","47","2","2026-03-13"
"166","Anthony Sanchez","ocunningham@example.net","Refund Request","Customer wants refund for accidental purchase.","Automation Platform","Critical","Pending","Sales","19","1","2026-03-15"
"167","Jessica Smith","bairdgregory@example.org","Refund Request","Refund delayed beyond expected timeline.","Analytics Dashboard","High","Closed","Billing","64","1","2026-02-17"
"168","Margaret Dominguez","vincent68@example.org","Refund Request","Refund delayed beyond expected timeline.","CRM Suite","Critical","Pending","Sales","38","1","2026-02-03"
"169","Keith Nunez","adamsbrian@example.org","Refund Request","Refund requested for defective product.","Analytics Dashboard","Critical","Open","Support","49","1","2026-02-17"
"170","Jorge May","sarahporter@example.net","Order Delay","Order tracking information not updating.","Marketing Tool","Medium","Closed","Support","10","1","2026-01-22"
"171","Jennifer Rogers","seanpatterson@example.org","Refund Request","Refund requested for defective product.","CRM Suite","Critical","Resolved","Technical","71","2","2026-03-24"
"172","Richard Lowery","caitlinrussell@example.org","Product Inquiry","Customer wants pricing details.","Analytics Dashboard","Medium","Resolved","Billing","52","3","2026-04-14"
"173","Rebecca Case","terrimoore@example.net","Billing Inquiry","Invoice amount does not match the selected plan.","Automation Platform","Low","Pending","Technical","46","1","2026-03-20"
"174","Stephanie Pham","brent86@example.org","Billing Inquiry","Customer was charged twice for the subscription.","Analytics Dashboard","Medium","Resolved","Support","65","2","2026-05-09"
"175","Nicole Maddox","beckalexandra@example.net","Account Access","Password reset email not received.","Analytics Dashboard","Low","Pending","Billing","14","3","2026-04-24"
"176","Michael Scott","bjones@example.net","Feature Request","Customer requested advanced analytics dashboard.","Marketing Tool","Critical","Pending","Technical","30","1","2026-05-16"
"177","Colin Jackson","kristen05@example.org","Account Access","Two-factor authentication not working.","AI Assistant","Medium","Open","Billing","68","4","2026-02-15"
"178","Taylor Walton","ericrivera@example.org","Order Delay","Package delivery delayed due to logistics issue.","AI Assistant","Medium","Pending","Technical","6","3","2026-01-08"
"179","Andrew Campbell","scott43@example.org","Order Delay","Order tracking information not updating.","AI Assistant","Critical","Open","Support","48","5","2026-05-13"
"180","Joshua Mendez MD","medinawilliam@example.com","Billing Inquiry","Customer requested payment receipt.","AI Assistant","Critical","Closed","Technical","8","4","2026-05-04"
"181","Ashley George","wrightmichael@example.org","Billing Inquiry","Invoice amount does not match the selected plan.","AI Assistant","Critical","Resolved","Support","61","4","2026-03-18"
"182","Brian Ritter","durancharles@example.com","Feature Request","Client suggested multi-language support.","CRM Suite","Critical","Open","Support","8","4","2026-03-11"
"183","Nathan Davis","udaniels@example.net","Product Inquiry","Customer wants pricing details.","Marketing Tool","High","Closed","Technical","14","2","2026-04-16"
"184","Sara Higgins","zsilva@example.net","Feature Request","User wants WhatsApp integration.","Marketing Tool","Critical","Resolved","Support","47","2","2026-04-04"
"185","Lisa Morris DDS","xcurtis@example.org","Billing Inquiry","Invoice amount does not match the selected plan.","Marketing Tool","Medium","Open","Billing","16","4","2026-05-05"
"186","Brian Johnson","dsmith@example.net","Product Inquiry","Customer asked about premium plan features.","Analytics Dashboard","High","Resolved","Billing","12","5","2026-01-07"
"187","Sharon Chavez","joshua53@example.net","Order Delay","Customer reported delayed shipment.","Analytics Dashboard","Medium","Pending","Sales","67","2","2026-04-19"
"188","Emily Hunter","adamhoover@example.com","Product Inquiry","Inquiry about AI automation capabilities.","Automation Platform","Low","Open","Billing","42","5","2026-04-13"
"189","Kelly Montoya","john70@example.org","Technical Support","Website loads very slowly on mobile devices.","CRM Suite","Low","Pending","Support","23","5","2026-04-10"
"190","Donna Williams","michael11@example.com","Technical Support","Unable to login to the dashboard.","Marketing Tool","Low","Closed","Support","15","3","2026-03-24"
"191","Nicholas Holland","samuelmclaughlin@example.net","Refund Request","Refund requested for defective product.","AI Assistant","Low","Pending","Billing","19","1","2026-03-05"
"192","Kathleen Williams","smithjohn@example.org","Refund Request","Refund requested for defective product.","Analytics Dashboard","High","Closed","Technical","2","1","2026-01-22"
"193","Diana Bailey","michael91@example.org","Order Delay","Customer reported delayed shipment.","Automation Platform","High","Closed","Technical","57","3","2026-01-31"
"194","Mary Kim","zschmidt@example.net","Account Access","Customer account locked after failed login attempts.","Automation Platform","Critical","Open","Sales","47","2","2026-02-19"
"195","Ronald Carter","ndavidson@example.com","Order Delay","Order tracking information not updating.","Automation Platform","Medium","Resolved","Sales","34","2","2026-03-03"
"196","Danielle Alvarez","oshields@example.net","Order Delay","Order tracking information not updating.","CRM Suite","Low","Open","Sales","40","4","2026-01-22"
"197","John Hanson Jr.","wtucker@example.org","Technical Support","Application crashes during checkout.","AI Assistant","Medium","Closed","Support","22","4","2026-04-15"
"198","Brad Cox","hernandezkyle@example.org","Refund Request","Refund requested for defective product.","Marketing Tool","Low","Pending","Billing","24","2","2026-03-10"
"199","Dr. Erica Murphy","keithhernandez@example.com","Account Access","User unable to access admin panel.","CRM Suite","Low","Pending","Billing","67","2","2026-04-07"
"200","Jennifer Becker","paulrebecca@example.net","Billing Inquiry","Customer was charged twice for the subscription.","Marketing Tool","Low","Pending","Technical","25","3","2026-05-16"
"201","Rebecca Walls","ortiztaylor@example.net","Billing Inquiry","Refund not received after cancellation.","Marketing Tool","High","Open","Sales","50","2","2026-05-13"
"202","Jimmy Garcia","bobbycruz@example.org","Product Inquiry","Client requested product demo.","CRM Suite","High","Open","Billing","26","4","2026-03-01"
"203","Kathleen Vargas","bryanboyd@example.com","Order Delay","Package delivery delayed due to logistics issue.","Marketing Tool","Low","Resolved","Sales","50","5","2026-01-18"
"204","Jonathon Williams","candaceyork@example.com","Technical Support","Website loads very slowly on mobile devices.","Analytics Dashboard","Critical","Closed","Sales","69","4","2026-01-11"
"205","Brandy Powers","hhinton@example.org","Order Delay","Order tracking information not updating.","CRM Suite","Medium","Open","Billing","18","1","2026-01-29"
"206","Ryan Terry","rivastamara@example.org","Account Access","User unable to access admin panel.","Marketing Tool","Critical","Closed","Technical","32","5","2026-02-02"
"207","Levi Davis","michael30@example.org","Billing Inquiry","Refund not received after cancellation.","AI Assistant","High","Pending","Sales","32","4","2026-05-03"
"208","Erin Smith","gpeterson@example.com","Refund Request","Refund requested for defective product.","Automation Platform","Medium","Pending","Sales","59","2","2026-05-17"
"209","Travis George","jason82@example.org","Product Inquiry","Customer wants pricing details.","Marketing Tool","Low","Pending","Technical","34","5","2026-04-16"
"210","Jessica Garcia","emartinez@example.org","Account Access","Customer account locked after failed login attempts.","Analytics Dashboard","Critical","Closed","Support","58","1","2026-04-23"
"211","Angela Wiley","susan79@example.net","Billing Inquiry","Refund not received after cancellation.","Automation Platform","Medium","Resolved","Billing","55","1","2026-02-24"
"212","Melissa Brown","nlong@example.com","Feature Request","User wants WhatsApp integration.","Marketing Tool","Critical","Resolved","Technical","55","5","2026-03-17"
"213","Frank Ward","ralph07@example.net","Product Inquiry","Customer wants pricing details.","Automation Platform","Low","Pending","Support","22","1","2026-05-06"
"214","Kiara Blankenship","hdaniel@example.com","Feature Request","Client suggested multi-language support.","Automation Platform","Medium","Resolved","Billing","12","1","2026-05-17"
"215","Darren Adams","garzalawrence@example.net","Account Access","User unable to access admin panel.","AI Assistant","Medium","Pending","Support","19","4","2026-02-12"
"216","Brianna Grimes MD","lynnmorgan@example.com","Technical Support","Application crashes during checkout.","Marketing Tool","Critical","Resolved","Technical","11","2","2026-03-12"
"217","Christopher Hawkins","johnstonjoseph@example.net","Refund Request","Refund requested for defective product.","Marketing Tool","Medium","Open","Technical","58","3","2026-04-23"
"218","Tony Glass","uwerner@example.com","Account Access","User unable to access admin panel.","Analytics Dashboard","Medium","Open","Technical","39","2","2026-04-21"
"219","Brian Johnson","twhite@example.com","Billing Inquiry","Invoice amount does not match the selected plan.","CRM Suite","High","Resolved","Billing","33","5","2026-02-21"
"220","Charles Berry","adamsmichael@example.org","Order Delay","Customer reported delayed shipment.","Marketing Tool","High","Resolved","Support","14","3","2026-05-09"
"221","Shannon Hernandez","dillonjennifer@example.com","Order Delay","Order tracking information not updating.","CRM Suite","Medium","Pending","Technical","70","5","2026-02-25"
"222","Lori Calderon","shawnanderson@example.net","Billing Inquiry","Refund not received after cancellation.","Automation Platform","Critical","Resolved","Sales","14","5","2026-03-07"
"223","Curtis Wilkerson","ujones@example.net","Feature Request","User wants WhatsApp integration.","CRM Suite","Medium","Pending","Technical","24","4","2026-02-04"
"224","Robert Hines","mitchelldaniel@example.net","Billing Inquiry","Customer was charged twice for the subscription.","Marketing Tool","Critical","Open","Sales","59","5","2026-05-15"
"225","Donald Tucker","gabriellegray@example.org","Billing Inquiry","Customer was charged twice for the subscription.","CRM Suite","Low","Pending","Support","13","5","2026-04-06"
"226","Dean Shaffer","clarkelaurie@example.com","Technical Support","Application crashes during checkout.","Analytics Dashboard","Medium","Pending","Technical","65","4","2026-04-09"
"227","Michael Chase","walter81@example.org","Order Delay","Customer reported delayed shipment.","Analytics Dashboard","Low","Closed","Billing","70","5","2026-02-09"
"228","Nancy Diaz","qmiller@example.com","Refund Request","Customer wants refund for accidental purchase.","Automation Platform","Medium","Resolved","Technical","41","3","2026-05-16"
"229","Mark Simmons","william47@example.net","Feature Request","Customer requested advanced analytics dashboard.","Marketing Tool","Low","Open","Billing","28","1","2026-03-20"
"230","Ricky Harris","kellyaaron@example.org","Account Access","Customer account locked after failed login attempts.","AI Assistant","High","Open","Sales","59","4","2026-03-27"
"231","Mr. Nicholas Davis","travis95@example.org","Order Delay","Customer reported delayed shipment.","Marketing Tool","Medium","Resolved","Technical","31","3","2026-01-24"
"232","Nicole Sims MD","sampsondonald@example.org","Product Inquiry","Customer wants pricing details.","Marketing Tool","Medium","Resolved","Billing","4","2","2026-02-09"
"233","Heather Allen","nicole08@example.com","Technical Support","Application crashes during checkout.","Marketing Tool","High","Resolved","Sales","41","4","2026-04-12"
"234","Daniel Phillips","carolynevans@example.com","Technical Support","Website loads very slowly on mobile devices.","CRM Suite","Critical","Pending","Technical","26","4","2026-01-25"
"235","Daniel Frazier","gcook@example.com","Feature Request","User wants WhatsApp integration.","Automation Platform","Critical","Pending","Sales","72","5","2026-05-05"
"236","Rhonda Cantu","michele44@example.net","Feature Request","Customer requested dark mode feature.","Analytics Dashboard","Medium","Open","Support","2","2","2026-02-17"
"237","Penny Haynes","epayne@example.com","Refund Request","Customer wants refund for accidental purchase.","Automation Platform","High","Closed","Billing","25","4","2026-01-06"
"238","Cindy Miles","greenjonathan@example.org","Technical Support","Website loads very slowly on mobile devices.","AI Assistant","High","Pending","Support","17","5","2026-05-07"
"239","Adrian Mcmahon","brownalexis@example.org","Order Delay","Customer reported delayed shipment.","Analytics Dashboard","High","Pending","Technical","72","4","2026-01-16"
"240","Amy Wood","russellray@example.net","Refund Request","Refund requested for defective product.","Marketing Tool","Medium","Closed","Support","25","2","2026-03-05"
"241","Adam Meyers","gloria88@example.net","Technical Support","Customer cannot reset password.","AI Assistant","Medium","Open","Billing","55","4","2026-03-28"
"242","Cindy Miller","tyang@example.net","Order Delay","Customer reported delayed shipment.","CRM Suite","Critical","Open","Sales","49","1","2026-04-28"
"243","Barbara Higgins","thomaswilson@example.org","Feature Request","Client suggested multi-language support.","Automation Platform","High","Closed","Support","29","3","2026-03-02"
"244","Mary Lopez","nicholasvasquez@example.net","Technical Support","Website loads very slowly on mobile devices.","CRM Suite","Critical","Closed","Support","55","4","2026-01-31"
"245","Edward Davenport","christyramos@example.net","Technical Support","Application crashes during checkout.","AI Assistant","Medium","Open","Billing","5","2","2026-01-23"
"246","Angel Gilbert","jenkinsyesenia@example.org","Order Delay","Order tracking information not updating.","Analytics Dashboard","Critical","Open","Support","70","4","2026-05-01"
"247","Eric Brown","williamduran@example.org","Account Access","User unable to access admin panel.","AI Assistant","Critical","Pending","Support","17","2","2026-05-12"
"248","Leslie Mccormick","kennethanderson@example.com","Technical Support","Application crashes during checkout.","Marketing Tool","Low","Closed","Sales","58","2","2026-05-07"
"249","Mrs. Gabrielle Marsh","grahamjamie@example.com","Product Inquiry","Inquiry about AI automation capabilities.","Marketing Tool","Low","Closed","Billing","22","2","2026-01-17"
"250","Rebecca Lopez","swhitney@example.com","Account Access","Password reset email not received.","CRM Suite","Low","Pending","Support","17","1","2026-01-31"
"251","Keith Gregory","zmckee@example.org","Feature Request","Client suggested multi-language support.","Automation Platform","Medium","Pending","Billing","49","3","2026-05-05"
"252","Kimberly Anderson","sean71@example.net","Billing Inquiry","Customer was charged twice for the subscription.","Automation Platform","Medium","Pending","Technical","25","4","2026-02-21"
"253","Robert Wood","herreraelizabeth@example.org","Product Inquiry","Customer wants pricing details.","AI Assistant","High","Resolved","Support","53","5","2026-02-17"
"254","Sydney Rodriguez","nicholasharmon@example.com","Feature Request","Customer requested advanced analytics dashboard.","Automation Platform","Medium","Open","Sales","46","3","2026-03-31"
"255","Lori Woods","mgarcia@example.com","Account Access","Two-factor authentication not working.","AI Assistant","Medium","Pending","Support","49","3","2026-02-04"
"256","Cheryl Smith","roydaniel@example.org","Feature Request","Client suggested multi-language support.","AI Assistant","High","Open","Billing","62","3","2026-04-19"
"257","April Jackson","leemackenzie@example.net","Refund Request","Refund delayed beyond expected timeline.","Automation Platform","Critical","Resolved","Technical","35","3","2026-03-22"
"258","Kevin Johnson","charlesrivera@example.com","Product Inquiry","Customer wants pricing details.","AI Assistant","Critical","Pending","Sales","5","1","2026-04-12"
"259","John Wilson","xjohnson@example.net","Refund Request","Refund delayed beyond expected timeline.","Marketing Tool","High","Open","Support","48","2","2026-01-11"
"260","John Shannon","wmartinez@example.com","Technical Support","Application crashes during checkout.","Marketing Tool","High","Open","Technical","65","2","2026-03-02"
"261","Timothy Cruz PhD","albertgarza@example.com","Billing Inquiry","Refund not received after cancellation.","CRM Suite","High","Pending","Sales","16","2","2026-02-17"
"262","Maria Martin","stephaniewood@example.com","Billing Inquiry","Invoice amount does not match the selected plan.","Automation Platform","Critical","Resolved","Technical","45","2","2026-05-13"
"263","Ronald Johnson","tiffanytaylor@example.com","Product Inquiry","Inquiry about AI automation capabilities.","Marketing Tool","Critical","Open","Billing","53","5","2026-02-20"
"264","Joe Ortega","fhuber@example.net","Technical Support","Unable to login to the dashboard.","Marketing Tool","Medium","Pending","Support","47","5","2026-03-10"
"265","Chad Green","amandasimmons@example.org","Feature Request","User wants WhatsApp integration.","CRM Suite","Medium","Pending","Sales","59","3","2026-03-20"
"266","Jonathan Reeves","dunlapkenneth@example.org","Refund Request","Refund requested for defective product.","Automation Platform","Medium","Closed","Billing","54","2","2026-02-01"
"267","Douglas Schmidt","housemichael@example.org","Billing Inquiry","Customer was charged twice for the subscription.","CRM Suite","Critical","Open","Support","58","3","2026-03-23"
"268","Andre Henderson","willieschneider@example.com","Feature Request","Client suggested multi-language support.","Analytics Dashboard","Medium","Closed","Billing","71","4","2026-04-11"
"269","Emily Clark","joshua55@example.org","Feature Request","Client suggested multi-language support.","CRM Suite","Critical","Open","Technical","35","1","2026-03-19"
"270","Aaron Cannon","crystal18@example.org","Refund Request","Refund requested for defective product.","CRM Suite","Low","Open","Technical","38","2","2026-04-25"
"271","Christine Hobbs","michellebrown@example.com","Technical Support","Website loads very slowly on mobile devices.","Marketing Tool","High","Closed","Billing","1","3","2026-02-15"
"272","Sean Holmes","littleruth@example.com","Account Access","User unable to access admin panel.","Marketing Tool","Low","Resolved","Technical","35","5","2026-02-09"
"273","Janet Aguirre","kingsylvia@example.org","Billing Inquiry","Customer was charged twice for the subscription.","Analytics Dashboard","Medium","Pending","Support","55","1","2026-02-23"
"274","Hannah Gonzales","suzanne27@example.org","Refund Request","Customer wants refund for accidental purchase.","Analytics Dashboard","Low","Closed","Technical","16","1","2026-03-18"
"275","Amber Holland","katherine58@example.net","Product Inquiry","Client requested product demo.","Automation Platform","Critical","Closed","Technical","13","5","2026-03-09"
"276","Diane Haas","gbryant@example.com","Order Delay","Order tracking information not updating.","Automation Platform","Critical","Open","Support","22","5","2026-04-19"
"277","Lori Cooper","kellytorres@example.com","Account Access","Password reset email not received.","Analytics Dashboard","Low","Open","Technical","6","5","2026-04-09"
"278","Jacob Nelson","ramosjames@example.org","Account Access","User unable to access admin panel.","Automation Platform","High","Closed","Support","1","4","2026-02-01"
"279","Nicholas Thomas","robertsnyder@example.org","Product Inquiry","Customer wants pricing details.","Automation Platform","Medium","Pending","Sales","16","2","2026-04-11"
"280","Daniel Smith","scottpeterson@example.com","Refund Request","Customer cancelled order and requested refund.","Automation Platform","High","Closed","Sales","69","5","2026-01-24"
"281","Lisa Owen","garciachloe@example.com","Product Inquiry","Customer asked about premium plan features.","AI Assistant","Critical","Closed","Support","7","1","2026-01-18"
"282","Robert Morales","shannonbaker@example.com","Account Access","Two-factor authentication not working.","Analytics Dashboard","High","Pending","Support","13","3","2026-04-24"
"283","Kelly Farley","ksmith@example.org","Order Delay","Customer reported delayed shipment.","Marketing Tool","Low","Closed","Technical","11","4","2026-05-03"
"284","Elizabeth Huber","josejohnson@example.net","Order Delay","Customer has not received order confirmation.","AI Assistant","Low","Resolved","Support","26","4","2026-02-20"
"285","Kenneth Evans","jessica26@example.org","Technical Support","Application crashes during checkout.","AI Assistant","Low","Pending","Sales","54","4","2026-04-12"
"286","Melissa Cox","campbellanthony@example.org","Billing Inquiry","Customer was charged twice for the subscription.","Automation Platform","Low","Closed","Billing","22","3","2026-02-27"
"287","Kenneth Lynch","harmonjustin@example.com","Refund Request","Refund delayed beyond expected timeline.","Analytics Dashboard","High","Resolved","Billing","23","5","2026-04-19"
"288","Luke Wiley","monica21@example.com","Technical Support","Website loads very slowly on mobile devices.","Automation Platform","Low","Resolved","Support","7","3","2026-05-14"
"289","Melissa Crawford","jorge91@example.net","Feature Request","Client suggested multi-language support.","Analytics Dashboard","Critical","Closed","Support","71","1","2026-03-15"
"290","Karen Daniel","mcmahonjohn@example.org","Order Delay","Package delivery delayed due to logistics issue.","CRM Suite","High","Closed","Billing","32","5","2026-04-01"
"291","Alexis Walker","williamhill@example.net","Feature Request","Customer requested advanced analytics dashboard.","Marketing Tool","Critical","Closed","Billing","10","4","2026-01-21"
"292","Andrew Gutierrez","gallen@example.org","Account Access","Two-factor authentication not working.","CRM Suite","High","Resolved","Billing","33","2","2026-03-25"
"293","Lisa Espinoza","ntorres@example.org","Refund Request","Customer cancelled order and requested refund.","Automation Platform","Critical","Closed","Billing","39","5","2026-02-09"
"294","Jennifer Moore","waltersjohn@example.org","Technical Support","Unable to login to the dashboard.","CRM Suite","Low","Resolved","Support","21","2","2026-03-19"
"295","Linda Allen","cuevasnicholas@example.com","Billing Inquiry","Refund not received after cancellation.","Automation Platform","Critical","Resolved","Technical","14","5","2026-03-09"
"296","Gary Wilson","simmonsroberto@example.com","Order Delay","Order tracking information not updating.","AI Assistant","Medium","Open","Support","61","2","2026-04-22"
"297","Mario Adkins","stacey29@example.com","Feature Request","Customer requested dark mode feature.","Automation Platform","Low","Open","Sales","44","1","2026-04-10"
"298","Stephanie Guzman","angela93@example.net","Order Delay","Customer has not received order confirmation.","Automation Platform","Critical","Open","Sales","43","1","2026-03-05"
"299","Cheryl Day","williamlucas@example.org","Billing Inquiry","Customer requested payment receipt.","AI Assistant","Low","Pending","Support","28","2","2026-01-14"
"300","Alexis Schmidt","susanmccarthy@example.net","Account Access","Customer account locked after failed login attempts.","Marketing Tool","Low","Closed","Support","18","4","2026-02-23"
"301","Jessica Larson","thomasangela@example.net","Order Delay","Order tracking information not updating.","Marketing Tool","Critical","Resolved","Technical","34","4","2026-05-06"
"302","Kim Martin","amyolson@example.net","Order Delay","Order tracking information not updating.","AI Assistant","Low","Open","Technical","14","2","2026-03-21"
"303","Christian Morton","kirk43@example.org","Order Delay","Customer reported delayed shipment.","Automation Platform","High","Open","Sales","41","5","2026-05-05"
"304","Rhonda Silva","monicacummings@example.com","Product Inquiry","Inquiry about AI automation capabilities.","Marketing Tool","Critical","Closed","Sales","9","3","2026-05-13"
"305","Melinda Washington","eddiestephens@example.net","Order Delay","Customer reported delayed shipment.","Automation Platform","Low","Resolved","Billing","69","2","2026-01-28"
"306","Jesse Smith","bhorton@example.net","Product Inquiry","Inquiry about AI automation capabilities.","Analytics Dashboard","Critical","Open","Billing","2","2","2026-02-11"
"307","Danielle Giles","alejandrolopez@example.net","Feature Request","Customer requested advanced analytics dashboard.","AI Assistant","Low","Pending","Billing","24","5","2026-01-16"
"308","Kathryn Holland","holly19@example.net","Order Delay","Package delivery delayed due to logistics issue.","Analytics Dashboard","Critical","Pending","Billing","19","1","2026-04-10"
"309","Tina Colon DVM","milleradriana@example.net","Product Inquiry","Customer wants pricing details.","CRM Suite","Critical","Open","Technical","16","5","2026-01-09"
"310","Terri Hobbs","robert80@example.net","Billing Inquiry","Refund not received after cancellation.","Analytics Dashboard","Medium","Closed","Support","39","1","2026-04-02"
"311","Samuel Ferguson","ginarandolph@example.com","Account Access","Customer account locked after failed login attempts.","Analytics Dashboard","Medium","Closed","Billing","68","4","2026-01-01"
"312","Alex Adams","bsmith@example.net","Account Access","User unable to access admin panel.","Analytics Dashboard","Low","Closed","Support","9","1","2026-01-07"
"313","Christopher Vaughn","brianjohnson@example.com","Product Inquiry","Customer asked about premium plan features.","CRM Suite","Medium","Open","Support","72","1","2026-04-27"
"314","Eric Williams","smithkayla@example.com","Billing Inquiry","Customer was charged twice for the subscription.","AI Assistant","Low","Pending","Sales","8","3","2026-01-23"
"315","Randy Patterson","gregory15@example.net","Order Delay","Order tracking information not updating.","CRM Suite","Critical","Resolved","Billing","44","2","2026-04-11"
"316","Jonathan Becker","christiancortez@example.com","Billing Inquiry","Customer requested payment receipt.","AI Assistant","Critical","Resolved","Sales","51","4","2026-03-25"
"317","Emily Johnson","christensenkevin@example.net","Refund Request","Customer wants refund for accidental purchase.","Automation Platform","High","Pending","Sales","9","1","2026-05-11"
"318","Crystal Fernandez","qrivera@example.net","Order Delay","Package delivery delayed due to logistics issue.","Analytics Dashboard","High","Open","Support","8","3","2026-04-17"
"319","Mr. Anthony Jones","andreayates@example.org","Billing Inquiry","Customer was charged twice for the subscription.","Marketing Tool","Low","Pending","Support","26","2","2026-02-07"
"320","Craig Park","heather87@example.com","Technical Support","Website loads very slowly on mobile devices.","AI Assistant","Medium","Pending","Support","43","2","2026-05-12"
"321","Jennifer Delgado","samantha00@example.com","Account Access","Password reset email not received.","Analytics Dashboard","Low","Pending","Billing","56","4","2026-02-06"
"322","Scott Wright","tammyboone@example.org","Feature Request","Customer requested dark mode feature.","CRM Suite","Medium","Open","Sales","44","4","2026-05-17"
"323","Marissa Warren","heatherjohnson@example.org","Order Delay","Order tracking information not updating.","Marketing Tool","Medium","Closed","Sales","59","3","2026-04-23"
"324","Isaac Brown","justin97@example.com","Product Inquiry","Inquiry about AI automation capabilities.","AI Assistant","Critical","Closed","Billing","43","3","2026-04-25"
"325","Ashley Harrington","swalker@example.org","Product Inquiry","Customer asked about premium plan features.","AI Assistant","Critical","Closed","Technical","30","3","2026-04-26"
"326","Daniel Kerr","danielle02@example.org","Order Delay","Customer has not received order confirmation.","Marketing Tool","High","Pending","Technical","66","2","2026-04-05"
"327","Maureen Lewis","kathryn33@example.org","Feature Request","User wants WhatsApp integration.","Automation Platform","Medium","Closed","Billing","37","1","2026-04-17"
"328","Tyler Cooke","kennedyrebecca@example.org","Technical Support","Application crashes during checkout.","Marketing Tool","High","Resolved","Support","53","3","2026-02-02"
"329","Marcus Franklin","markmccarthy@example.com","Feature Request","Customer requested dark mode feature.","Marketing Tool","High","Closed","Billing","62","3","2026-01-23"
"330","Sarah Woods","cassandramoran@example.com","Order Delay","Package delivery delayed due to logistics issue.","Automation Platform","Critical","Resolved","Sales","61","5","2026-04-07"
"331","Lindsey Archer","carrolljustin@example.com","Account Access","Two-factor authentication not working.","AI Assistant","Medium","Closed","Sales","63","2","2026-04-13"
"332","Kristi Young","harrisontimothy@example.org","Feature Request","User wants WhatsApp integration.","Marketing Tool","High","Pending","Sales","4","5","2026-02-02"
"333","Robert Mercado","christensendaniel@example.org","Account Access","Customer account locked after failed login attempts.","Marketing Tool","Critical","Resolved","Sales","39","1","2026-04-13"
"334","John Medina","pharvey@example.com","Product Inquiry","Client requested product demo.","AI Assistant","Medium","Pending","Sales","59","3","2026-03-14"
"335","Richard Pena","millerstacy@example.com","Account Access","Customer account locked after failed login attempts.","Marketing Tool","Low","Closed","Support","13","3","2026-04-14"
"336","Dawn Ortega","wileykenneth@example.org","Feature Request","Customer requested dark mode feature.","Marketing Tool","High","Open","Technical","72","1","2026-01-11"
"337","Vincent Wilson","adamsims@example.net","Order Delay","Package delivery delayed due to logistics issue.","Analytics Dashboard","Low","Closed","Technical","52","5","2026-03-16"
"338","Zachary Mueller","moorevincent@example.org","Order Delay","Package delivery delayed due to logistics issue.","Analytics Dashboard","High","Resolved","Billing","72","2","2026-02-26"
"339","Tracey Taylor","jenkinsjose@example.com","Account Access","Password reset email not received.","Analytics Dashboard","Critical","Pending","Billing","59","1","2026-02-19"
"340","Richard Miller DDS","stephaniebryant@example.com","Order Delay","Customer reported delayed shipment.","AI Assistant","Critical","Open","Technical","5","1","2026-02-15"
"341","Carrie Mcconnell","alexis47@example.net","Order Delay","Order tracking information not updating.","Marketing Tool","High","Pending","Sales","8","4","2026-02-07"
"342","Mary Harris","julieperez@example.org","Feature Request","Customer requested advanced analytics dashboard.","Automation Platform","Critical","Resolved","Support","18","4","2026-05-01"
"343","Brittany Fox","rbird@example.com","Account Access","User unable to access admin panel.","AI Assistant","High","Resolved","Billing","3","5","2026-05-02"
"344","Jeremy Matthews","boltonann@example.org","Refund Request","Refund delayed beyond expected timeline.","Automation Platform","Medium","Pending","Support","6","4","2026-05-04"
"345","Mark Peters","richardbailey@example.net","Product Inquiry","Inquiry about AI automation capabilities.","Marketing Tool","Medium","Resolved","Billing","53","5","2026-01-12"
"346","Aaron Powell","patrick40@example.org","Refund Request","Customer cancelled order and requested refund.","Analytics Dashboard","High","Resolved","Technical","50","2","2026-02-19"
"347","Melissa Jimenez","dalexander@example.org","Technical Support","Application crashes during checkout.","AI Assistant","Medium","Open","Technical","31","5","2026-03-08"
"348","Steven Fernandez","fordtracey@example.org","Account Access","Two-factor authentication not working.","Analytics Dashboard","High","Closed","Technical","37","3","2026-05-16"
"349","Barbara Jones","hsmith@example.net","Technical Support","Unable to login to the dashboard.","Automation Platform","High","Resolved","Billing","54","3","2026-02-05"
"350","Ronald Dickerson","angela68@example.net","Technical Support","Application crashes during checkout.","Automation Platform","Medium","Closed","Sales","64","3","2026-02-11"
"351","Edward Jimenez","michellekey@example.com","Product Inquiry","Customer asked about premium plan features.","CRM Suite","Critical","Pending","Sales","42","5","2026-05-04"
"352","Tracy Lewis","lee78@example.net","Refund Request","Customer wants refund for accidental purchase.","Analytics Dashboard","Low","Pending","Support","47","1","2026-01-26"
"353","Linda Baker","jeffrey38@example.org","Refund Request","Customer cancelled order and requested refund.","CRM Suite","Medium","Pending","Billing","68","2","2026-03-11"
"354","Jennifer Miller","robertchambers@example.com","Technical Support","Unable to login to the dashboard.","Marketing Tool","Critical","Pending","Sales","36","2","2026-05-17"
"355","Anthony Anderson","floreskayla@example.net","Technical Support","Website loads very slowly on mobile devices.","CRM Suite","Low","Resolved","Technical","46","1","2026-03-18"
"356","Christopher Dawson","olsonashley@example.net","Refund Request","Refund requested for defective product.","AI Assistant","Medium","Pending","Support","51","4","2026-02-04"
"357","Steven Mccoy","stonejohn@example.net","Billing Inquiry","Customer was charged twice for the subscription.","Analytics Dashboard","Low","Open","Technical","18","1","2026-04-26"
"358","Brandon Collins","joseph49@example.net","Order Delay","Customer reported delayed shipment.","AI Assistant","Low","Closed","Technical","18","3","2026-04-17"
"359","Richard Navarro","jennifer97@example.com","Billing Inquiry","Customer requested payment receipt.","Analytics Dashboard","Critical","Pending","Sales","30","5","2026-01-21"
"360","Sandra Stout","jessicamurillo@example.com","Order Delay","Customer reported delayed shipment.","Automation Platform","Critical","Pending","Technical","68","3","2026-05-15"
"361","Victoria Sanchez","matthew64@example.com","Feature Request","User wants WhatsApp integration.","Marketing Tool","Critical","Resolved","Support","50","3","2026-01-07"
"362","Michael Davis","daniellewis@example.net","Refund Request","Refund requested for defective product.","Automation Platform","Critical","Pending","Technical","37","1","2026-04-15"
"363","Jamie Rowland","perkinsspencer@example.org","Billing Inquiry","Refund not received after cancellation.","Analytics Dashboard","High","Open","Technical","69","2","2026-04-02"
"364","Joshua Reeves","joshua67@example.com","Refund Request","Customer cancelled order and requested refund.","CRM Suite","High","Open","Sales","35","2","2026-03-04"
"365","Robert Bennett","barreraandrew@example.org","Feature Request","User wants WhatsApp integration.","Analytics Dashboard","Medium","Resolved","Support","33","5","2026-05-16"
"366","Emily Johnson","xmiller@example.net","Product Inquiry","Client requested product demo.","Marketing Tool","High","Open","Technical","60","5","2026-03-08"
"367","Wendy Le","ibrooks@example.net","Technical Support","Website loads very slowly on mobile devices.","Marketing Tool","Low","Pending","Sales","36","4","2026-02-07"
"368","Julie Ho","xholt@example.org","Refund Request","Refund requested for defective product.","AI Assistant","Medium","Resolved","Support","36","5","2026-01-23"
"369","Brian Lambert","vrodriguez@example.com","Product Inquiry","Customer wants pricing details.","Marketing Tool","Critical","Open","Technical","38","1","2026-03-03"
"370","Hailey Adams","gonzalezmiguel@example.net","Account Access","User unable to access admin panel.","Analytics Dashboard","Low","Resolved","Sales","53","2","2026-01-10"
"371","Cynthia Gomez","joshua09@example.net","Billing Inquiry","Refund not received after cancellation.","AI Assistant","Medium","Open","Billing","26","5","2026-01-22"
"372","Steven Peterson","atkinsonchristopher@example.org","Order Delay","Customer reported delayed shipment.","AI Assistant","Medium","Resolved","Technical","33","3","2026-03-23"
"373","Justin Thompson","brandonhutchinson@example.com","Order Delay","Order tracking information not updating.","Analytics Dashboard","Low","Resolved","Billing","14","4","2026-02-28"
"374","Jason Garcia","vyoung@example.org","Refund Request","Customer cancelled order and requested refund.","Analytics Dashboard","Critical","Resolved","Sales","68","1","2026-04-27"
"375","Randy Clayton","stevenslarry@example.org","Feature Request","Customer requested advanced analytics dashboard.","Marketing Tool","Critical","Closed","Support","5","1","2026-05-08"
"376","Heather Bennett","ramosjonathan@example.net","Technical Support","Customer cannot reset password.","Analytics Dashboard","Low","Open","Support","16","5","2026-02-12"
"377","Michael Carson","debra83@example.com","Technical Support","Customer cannot reset password.","Analytics Dashboard","Low","Closed","Billing","66","3","2026-03-16"
"378","Cody Brown","twest@example.org","Billing Inquiry","Invoice amount does not match the selected plan.","Analytics Dashboard","High","Closed","Support","5","3","2026-04-26"
"379","Gary Ward","generichards@example.org","Order Delay","Order tracking information not updating.","Marketing Tool","High","Open","Billing","21","3","2026-04-02"
"380","Melanie Jennings","lowemaurice@example.com","Product Inquiry","Customer asked about premium plan features.","AI Assistant","Critical","Closed","Billing","10","5","2026-02-07"
"381","Cory Walker","dmitchell@example.com","Feature Request","User wants WhatsApp integration.","AI Assistant","High","Pending","Support","13","1","2026-04-23"
"382","Rachel Wilson","yuamy@example.net","Technical Support","Application crashes during checkout.","Automation Platform","Low","Resolved","Technical","21","1","2026-02-12"
"383","Pamela Brown","meyersjoshua@example.org","Billing Inquiry","Invoice amount does not match the selected plan.","Marketing Tool","Critical","Open","Technical","55","5","2026-04-02"
"384","Sherry Rosales","nelsondaniel@example.com","Feature Request","User wants WhatsApp integration.","Marketing Tool","Low","Resolved","Technical","25","2","2026-03-18"
"385","Wesley Warner","byrdashley@example.org","Technical Support","Unable to login to the dashboard.","AI Assistant","Low","Open","Billing","28","2","2026-01-17"
"386","Curtis Parker","tyler25@example.net","Account Access","Customer account locked after failed login attempts.","Automation Platform","Low","Resolved","Billing","48","3","2026-02-28"
"387","Tracey Torres","nancybarnett@example.org","Account Access","User unable to access admin panel.","CRM Suite","Low","Open","Technical","65","2","2026-01-02"
"388","Paul Walker","chelseadrake@example.net","Billing Inquiry","Invoice amount does not match the selected plan.","AI Assistant","Medium","Open","Technical","30","2","2026-03-23"
"389","Juan Cline","vross@example.net","Refund Request","Refund delayed beyond expected timeline.","AI Assistant","Medium","Open","Sales","45","3","2026-04-29"
"390","John Green","yruiz@example.net","Order Delay","Customer reported delayed shipment.","CRM Suite","Medium","Closed","Technical","51","4","2026-03-20"
"391","Valerie Thompson","brian41@example.com","Refund Request","Customer cancelled order and requested refund.","Marketing Tool","Critical","Open","Support","25","2","2026-01-25"
"392","Eric Mullins","tcrosby@example.com","Billing Inquiry","Refund not received after cancellation.","AI Assistant","Low","Resolved","Support","38","1","2026-03-31"
"393","Betty Holland","bpark@example.org","Refund Request","Customer cancelled order and requested refund.","Marketing Tool","Critical","Resolved","Technical","2","5","2026-03-29"
"394","Monica Carson","brian65@example.com","Product Inquiry","Client requested product demo.","AI Assistant","Critical","Resolved","Billing","28","1","2026-03-18"
"395","Amanda Krause","vdixon@example.com","Refund Request","Refund requested for defective product.","CRM Suite","Low","Resolved","Support","17","2","2026-05-15"
"396","Debbie Webb","danielrasmussen@example.com","Billing Inquiry","Customer requested payment receipt.","AI Assistant","High","Open","Technical","27","1","2026-03-14"
"397","Tanner Ross","sandovalamanda@example.net","Feature Request","User wants WhatsApp integration.","Automation Platform","High","Open","Support","66","5","2026-03-19"
"398","Jeffrey Glenn","kimberlykennedy@example.com","Technical Support","Website loads very slowly on mobile devices.","AI Assistant","High","Open","Technical","51","2","2026-04-09"
"399","John Haas","walter09@example.net","Product Inquiry","Client requested product demo.","CRM Suite","Medium","Pending","Support","41","2","2026-03-21"
"400","Jack Jones","williamscott@example.com","Feature Request","Customer requested dark mode feature.","CRM Suite","Critical","Resolved","Support","54","5","2026-04-18"
